Dataset,Vertices,Edges,Serial_s,OpenMP_s,MPI_s,Hybrid_s,OpenMP_speedup,MPI_speedup,Hybrid_speedup
R-MAT S17,131072,2000000,0.0492818,0.0487721,0.113474,0.163818,1.01,0.43,0.30
R-MAT S18,262144,4000000,0.101667,0.0992299,0.232920,0.336786,1.02,0.44,0.30
R-MAT S19,524288,8000000,0.223937,0.201391,0.487979,0.699454,1.11,0.46,0.32
R-MAT S20,1048576,16000000,0.521207,0.406486,1.0126,1.47051,1.28,0.51,0.35
LiveJournal,4847571,68993773,3.21645,1.88886,5.67272,5.90196,1.70,0.57,0.55
